ID,character,transliteration,name,scribal,cursive,sabaic,sabaic_image,group,previous,next,description
1,áˆ€,ha,hoy,,,ğ© ,1.gif,"Consonants,Syllables,Sitting,Variants of hoy",,2,"The Ge'ez letter áˆ€ is called áˆ†á‹­ (hoy). It represents a â€œvoiceless glottal fricativeâ€, which is the sounds of <h> in the English words home, horse, and happy. Â¶ Its shape áˆ€ is derived from the epigraphic character: ğ© . It correlates to the Arabic letter Û, the Syriac letter Ü—, and the Hebrew letter ×”. Â¶ Geâ€™ez words starting with áˆ€ include áˆ€áŒˆáˆ­ (hagar) â€œcityâ€, áˆ€áˆ‹á‹Œ (hÉ™llÄwe) â€œexistenceâ€, and áˆƒá‹­áˆ›áŠ–á‰µ (hÄymÄnot) â€œfaithâ€."
2,áˆ,hu,hoy,,,,,"Syllables,Variants of hoy",1,3,
3,áˆ‚,hi,hoy,,,,,"Syllables,Variants of hoy",2,4,
4,áˆƒ,hÄ,hoy,,,,,"Syllables,Variants of hoy",3,5,
5,áˆ„,he,hoy,,,,,"Syllables,Variants of hoy",4,6,
6,áˆ…,hÉ™,hoy,,,,,"Syllables,Variants of hoy",5,7,
7,áˆ†,ho,hoy,,,,,"Syllables,Variants of hoy",6,8,
8,áˆˆ,la,lÄwi,,,ğ©¡,8.gif,"Consonants,Syllables,2-legged,Variants of lÄwi",7,9,"The Ge'ez letter áˆˆ is called áˆ‹á‹Š (lÄwi). It represents a â€œvoiced alveolar lateral approximantâ€, which is the sounds of <l> in the English words love, lake, and lyric. Â¶ Its shape áˆˆ is derived from the epigraphic character: ğ©¡. It correlates to the Arabic letter Ù„, the Syriac letter Ü , and the Hebrew letter ×œâ€. Â¶ Geâ€™ez words starting with áˆˆ include áˆŒáˆŠá‰µ (lelit) â€œnightâ€, áˆá‰¥ (lÉ™bb) â€œheartâ€, and áˆáˆ³áŠ• (lÉ™ssÄn) â€œlanguageâ€."
9,áˆ‰,lu,lÄwi,,,,,"Syllables,Variants of lÄwi",8,10,
10,áˆŠ,li,lÄwi,,,,,"Syllables,Variants of lÄwi",9,11,
11,áˆ‹,lÄ,lÄwi,,,,,"Syllables,Variants of lÄwi",10,12,
12,áˆŒ,le,lÄwi,,,,,"Syllables,Variants of lÄwi",11,13,
13,áˆ,lÉ™,lÄwi,,,,,"Syllables,Variants of lÄwi",12,14,
14,áˆ,lo,lÄwi,,,,,"Syllables,Variants of lÄwi",13,15,
15,áˆ,á¸¥É™,á¸¥awt,,,ğ©¢,15.gif,"Consonants,Syllables,3-legged,Variants of á¸¥awt",14,16,"The Ge'ez letter áˆ is called áˆá‹á‰µ (á¸¥awt). It represents a â€œvoiceless pharyngeal fricativeâ€, which is a throaty <h> sound. Â¶ Its shape áˆ is derived from the epigraphic character: ğ©¢. It correlates to the Arabic letter Ø­â€. Â¶ Geâ€™ez words starting with áˆ include áˆ•á‹­á‹ˆá‰µ (á¸¥É™ywat) â€œnightâ€, áˆá‹‹áˆ­á‹« (á¸¥awÄrÉ™yÄ) â€œapostleâ€, and áˆ•á‹á‰¥ (á¸¥É™zb) â€œpeopleâ€."
16,áˆ‘,á¸¥u,á¸¥awt,,,,,"Syllables,Variants of á¸¥awt",15,17,
17,áˆ’,á¸¥i,á¸¥awt,,,,,"Syllables,Variants of á¸¥awt",16,18,
18,áˆ“,á¸¥Ä,á¸¥awt,,,,,"Syllables,Variants of á¸¥awt",17,19,
19,áˆ”,á¸¥e,á¸¥awt,,,,,"Syllables,Variants of á¸¥awt",18,20,
20,áˆ•,á¸¥É™,á¸¥awt,,,,,"Syllables,Variants of á¸¥awt",19,21,
21,áˆ–,á¸¥o,á¸¥awt,,,,,"Syllables,Variants of á¸¥awt",20,22,
22,áˆ˜,ma,mÄy,,,ğ©¦,22.gif,"Consonants,Syllables,Sitting,Variants of mÄy",21,23,"The Ge'ez letter áˆ˜ is called áˆ›á‹­ (mÄy). It represents a â€œvoiced bilabial nasalâ€, which is the sound of m in the English words mother, mark, and meet. Â¶ Its shape áˆ˜ is derived from the epigraphic character: ğ©£. It correlates to the Arabic letter Ù…, the Syriac letter Ü¡, and the Hebrew letter ×â€â€. Â¶ Geâ€™ez words starting with áˆ˜ include áˆáŒáˆµ (mogÉ™s) â€œgraceâ€, áˆ˜áˆáˆ…áˆ­ (mamhÉ™r) â€œteacherâ€, and áˆáˆ•áˆ¨á‰µ (mÉ™á¸¥rat) â€œmercyâ€."
23,áˆ™,mu,mÄy,,,,,"Syllables,Variants of mÄy",22,24,
24,áˆš,mi,mÄy,,,,,"Syllables,Variants of mÄy",23,25,
25,áˆ›,mÄ,mÄy,,,,,"Syllables,Variants of mÄy",24,26,
26,áˆœ,me,mÄy,,,,,"Syllables,Variants of mÄy",25,27,
27,áˆ,mÉ™,mÄy,,,,,"Syllables,Variants of mÄy",26,28,
28,áˆ,mo,mÄy,,,,,"Syllables,Variants of mÄy",27,29,
29,áˆ ,Å¡a,Å¡awt,,,ğ©§,29.gif,"Consonants,Syllables,Sitting,Variants of Å¡awt",28,30,"The Ge'ez letter áˆ  is called áˆ á‹á‰µ (Å¡awt). It originally represented a â€œvoiceless alveolar lateral fricativeâ€, which is a cross between the sounds of <l> and <sh> in English. Nowadays, it is pronounced like <s> in the English words sun, sea, and sweet. It is sometimes called áˆ  áŠ•áŒ‰áˆ¥ (Å¡a nÉ™guÅ¡) ""the 's' [in the word] king"" to distinguish it from the other s sound. Â¶ Its shape áˆ  is derived from the epigraphic character: ğ©¦. It correlates to the Arabic letter Ø´, the Syriac letter Ü«, and the Hebrew letter ×©. Â¶ Geâ€™ez words starting with áˆ  include áˆ¥áˆ‹áˆ´ (Å¡É™llase) â€œTrinityâ€, áˆ¥áˆáˆ¨á‰µ (Å¡É™mrat) â€œbenevolenceâ€, and áˆ áŠ“á‹­ (Å¡annay) â€œbeautifulâ€."
30,áˆ¡,Å¡u,Å¡awt,,,,,"Syllables,Variants of Å¡awt",29,31,
31,áˆ¢,Å¡i,Å¡awt,,,,,"Syllables,Variants of Å¡awt",30,32,
32,áˆ£,Å¡Ä,Å¡awt,,,,,"Syllables,Variants of Å¡awt",31,33,
33,áˆ¤,Å¡e,Å¡awt,,,,,"Syllables,Variants of Å¡awt",32,34,
34,áˆ¥,Å¡É™,Å¡awt,,,,,"Syllables,Variants of Å¡awt",33,35,
35,áˆ¦,Å¡o,Å¡awt,,,,,"Syllables,Variants of Å¡awt",34,36,
36,áˆ¨,ra,rÉ™Ê¾É™s,,,ğ©¤,36.gif,"Consonants,Syllables,Sitting,Variants of rÉ™Ê¾É™s",35,37,"The Ge'ez letter áˆ¨ is called áˆ­áŠ¥áˆµ (rÉ™Ê¾É™s). It originally represented a â€œvoiced alveolar trillâ€, which is the r sound in the English words radio, road, and reach.Â¶ Its shape áˆ¨ is derived from the epigraphic character: ğ©§. It correlates to the Arabic letter Ø±, the Syriac letter Üª, and the Hebrew letter ×¨. Â¶ Geâ€™ez words starting with áˆ¨ include áˆ«áŠ¥á‹­ (rÄÊ¾É™y) â€œvisionâ€, áˆ­áŠ­á‰ á‰µ (rÉ™kbat) â€œdiscoveryâ€, and áˆ¨á‹µáŠ¤á‰µ (radÊ¾et) â€œhelpâ€."
37,áˆ©,ru,rÉ™Ê¾É™s,,,,,"Syllables,Variants of rÉ™Ê¾É™s",36,38,
38,áˆª,ri,rÉ™Ê¾É™s,,,,,"Syllables,Variants of rÉ™Ê¾É™s",37,39,
39,áˆ«,rÄ,rÉ™Ê¾É™s,,,,,"Syllables,Variants of rÉ™Ê¾É™s",38,40,
40,áˆ¬,re,rÉ™Ê¾É™s,,,,,"Syllables,Variants of rÉ™Ê¾É™s",39,41,
41,áˆ­,rÉ™,rÉ™Ê¾É™s,,,,,"Syllables,Variants of rÉ™Ê¾É™s",40,42,
42,áˆ®,ro,rÉ™Ê¾É™s,,,,,"Syllables,Variants of rÉ™Ê¾É™s",41,43,
43,áˆ°,sa,sÄt,,,ğ©¨,43.gif,"Consonants,Syllables,2-legged,Variants of sÄt",42,44,"The Ge'ez letter áˆ° is called áˆ³á‰µ (sÄt). It represents a â€œvoiceless alveolar sibilantâ€, which is the sound s in the English words sea, sky, and soul. Â¶ Its shape áˆ° is derived from the epigraphic character: ğ©ª. It correlates to the Arabic letter Ø³, the Syriac letter Ü£, and the Hebrew letter ×¡. Â¶ Geâ€™ez words starting with áˆ¨ include áˆ°áˆ›á‹­ (samÄy) â€œskyâ€, áˆ°áˆ‹áˆ (salÄm) â€œpeaceâ€, and áˆ°áˆ›á‹•á‰µ (samÄÊ¿t) â€œmartyrâ€."
44,áˆ±,su,sÄt,,,,,"Syllables,Variants of sÄt",43,45,
45,áˆ²,si,sÄt,,,,,"Syllables,Variants of sÄt",44,46,
46,áˆ³,sÄ,sÄt,,,,,"Syllables,Variants of sÄt",45,47,
47,áˆ´,se,sÄt,,,,,"Syllables,Variants of sÄt",46,48,
48,áˆµ,sÉ™,sÄt,,,,,"Syllables,Variants of sÄt",47,49,
49,áˆ¶,so,sÄt,,,,,"Syllables,Variants of sÄt",48,50,
50,á‰€,qa,qÄf,,,ğ©©,50.gif,"Consonants,Syllables,1-legged,Variants of qÄf",49,51,"The Ge'ez letter á‰€ is called á‰ƒá (qÄf). It represents an â€œejective velarâ€, which sounds like a forceful <k> in English. The sound is rare but it appears in languages like Georgian, e.g. áƒ™áƒ˜ (kâ€™i) â€œyesâ€, and and Navajo, e.g. â€œkâ€™Ã©â€ (friendship). Â¶ Its shape á‰€ is derived from the epigraphic character: ğ©¤. It correlates to the Arabic letter Ù‚, the Syriac letter Ü©, and the Hebrew letter ×§. Â¶ Geâ€™ez words starting with á‰€ include á‰…á‹±áˆµ (qÉ™ddus) â€œsaintâ€, á‰ƒáˆ (qÄl) â€œwordâ€, and á‰áˆ­á‰£áŠ• (qwÉ™rbÄn) â€œofferingâ€."
51,á‰,qu,qÄf,,,,,"Syllables,Variants of qÄf",50,52,
52,á‰‚,qi,qÄf,,,,,"Syllables,Variants of qÄf",51,53,
53,á‰ƒ,qÄ,qÄf,,,,,"Syllables,Variants of qÄf",52,54,
54,á‰„,qe,qÄf,,,,,"Syllables,Variants of qÄf",53,55,
55,á‰…,qÉ™,qÄf,,,,,"Syllables,Variants of qÄf",54,56,
56,á‰†,qo,qÄf,,,,,"Syllables,Variants of qÄf",55,57,
57,á‰ ,ba,bet,,,ğ©­,57.gif,"Consonants,Syllables,2-legged,Variants of bet",56,58,"The Ge'ez letter á‰  is called á‰¤á‰µ (bet). It represents an â€œvoiced bilabial plosiveâ€, which is the <b> sound in the English words boy, big, and ball. Â¶ Its shape á‰  is derived from the epigraphic character: ğ©¨. It correlates to the Arabic letter Ø¨, the Syriac letter Ü’, and the Hebrew letter ×‘. Â¶ Geâ€™ez words starting with á‰  include á‰¥áˆ­áˆƒáŠ• (bÉ™rhan) â€œlightâ€, á‰¤á‹› (beza) â€œredemptionâ€, and á‰¥áˆ¥áˆ¨á‰µ (bÉ™Å¡rat) â€œgood newsâ€."
58,á‰¡,bu,bet,,,,,"Syllables,Variants of bet",57,59,
59,á‰¢,bi,bet,,,,,"Syllables,Variants of bet",58,60,
60,á‰£,bÄ,bet,,,,,"Syllables,Variants of bet",59,61,
61,á‰¤,be,bet,,,,,"Syllables,Variants of bet",60,62,
62,á‰¥,bÉ™,bet,,,,,"Syllables,Variants of bet",61,63,
63,á‰¦,bo,bet,,,,,"Syllables,Variants of bet",62,64,
64,á‰°,ta,tÄw,,,ğ©¬,64.gif,"Consonants,Syllables,1-legged,Variants of tÄw",63,65,"The Ge'ez letter á‰° is called á‰³á‹ (tÄw). It represents an â€œvoiceless denti-alveolar plosiveâ€, which is the unaspirated <t> sound in the English words tall, teal, and tech. Â¶ Its shape á‰° is derived from the epigraphic character: ğ©©. It correlates to the Arabic letter Øªâ€, the Syriac letter Ü¬, and the Hebrew letter ×ª. Â¶ Geâ€™ez words starting with á‰° include á‰°áˆµá‹ (tasfÄ) â€œhopeâ€, á‰µáŠ¥áŒáˆ¥á‰µ (tÉ™Ê¾É™gÉ™Å¡t) â€œpatienceâ€, and á‰µáˆ­áŒ“áˆœ (tÉ™rgwÄme) â€œtranslationâ€."
65,á‰±,tu,tÄw,,,,,"Syllables,Variants of tÄw",64,66,
66,á‰²,ti,tÄw,,,,,"Syllables,Variants of tÄw",65,67,
67,á‰³,tÄ,tÄw,,,,,"Syllables,Variants of tÄw",66,68,
68,á‰´,te,tÄw,,,,,"Syllables,Variants of tÄw",67,69,
69,á‰µ,tÉ™,tÄw,,,,,"Syllables,Variants of tÄw",68,70,
70,á‰¶,to,tÄw,,,,,"Syllables,Variants of tÄw",69,71,
71,áŠ€,á¸«a,á¸«arm,,,ğ©±,71.gif,"Consonants,Syllables,1-legged,Variants of á¸«arm",70,72,"The Ge'ez letter áŠ€ is called áŠ€áˆ­áˆ (á¸«arm). It represents an â€œvoiceless velar fricativeâ€, which is a very throaty <h> sound, like <j> in the Spanish word jardin, or <ch> in the German word buch. Â¶ Its shape áŠ€ is derived from the epigraphic character: ğ©­. It correlates to the Arabic letter Ø®â€, the Syriac letter Üš, and the Hebrew letter ×—. Â¶ Geâ€™ez words starting with áŠ€ include áŠ€á‹­áˆ (á¸«ayl) â€œpowerâ€, áŠ‚áˆ©á‰µ (á¸«irut) â€œgoodnessâ€, and áŠ…á‰¥áˆ¨á‰µ (á¸«É™brat) â€œunionâ€.  "
72,áŠ,á¸«u,á¸«arm,,,,,"Syllables,Variants of á¸«arm",71,73,
73,áŠ‚,á¸«i,á¸«arm,,,,,"Syllables,Variants of á¸«arm",72,74,
74,áŠƒ,á¸«a,á¸«arm,,,,,"Syllables,Variants of á¸«arm",73,75,
75,áŠ„,á¸«e,á¸«arm,,,,,"Syllables,Variants of á¸«arm",74,76,
76,áŠ…,á¸«É™,á¸«arm,,,,,"Syllables,Variants of á¸«arm",75,77,
77,áŠ†,á¸«o,á¸«arm,,,,,"Syllables,Variants of á¸«arm",76,78,
78,áŠ,na,naá¸¥s,,,ğ©«,78.gif,"Consonants,Syllables,1-legged,Variants of naá¸¥s",77,79,"The Ge'ez letter áŠ is called áŠáˆ•áˆµ (naá¸¥s). It represents a â€œalveolar nasalâ€, which is the sounds of <n> in the English words nest, north, and neat. Â¶ Its shape áŠ is derived from the epigraphic character: ğ©¬. It correlates to the Arabic letter Ù†, the Syriac letter Ü¢, and the Hebrew letter × â€â€. Â¶ Geâ€™ez words starting with áŠ include áŠáŒ‹áˆ¢ (nagÄÅ¡i) â€œmonarchâ€, áŠ•á‹‹á‹­ (nÉ™way) â€œwealthâ€, and áŠ•áŒ½áˆá‰µ (nÉ™á¹£á¸¥at) â€œpurityâ€."
79,áŠ‘,nu,naá¸¥s,,,,,"Syllables,Variants of naá¸¥s",78,80,
80,áŠ’,ni,naá¸¥s,,,,,"Syllables,Variants of naá¸¥s",79,81,
81,áŠ“,nÄ,naá¸¥s,,,,,"Syllables,Variants of naá¸¥s",80,82,
82,áŠ”,ne,naá¸¥s,,,,,"Syllables,Variants of naá¸¥s",81,83,
83,áŠ•,nÉ™,naá¸¥s,,,,,"Syllables,Variants of naá¸¥s",82,84,
84,áŠ–,no,naá¸¥s,,,,,"Syllables,Variants of naá¸¥s",83,85,
85,áŠ ,Ê¾a,Ê¾alf,,,ğ©¥,85.gif,"Consonants,Syllables,2-legged,Variants of Ê¾alf",84,86,"The Ge'ez letter áŠ  is called áŠ áˆá (Ê¾alf). It represents a â€œglottal stopâ€, which is a break in a vowel sound like in the middle of the English expression uh oh. Â¶ Its shape áŠ  is derived from the epigraphic character: ğ©±. It correlates to the Arabic letter Ø£â€, the Syriac letter Ü, and the Hebrew letter ×â€â€. Â¶ Geâ€™ez words starting with áŠ  include áŠ á‰ á‹ (Ê¾abaw) â€œancestorsâ€, áŠ áŠ°á‰´á‰µ (Ê¾akkwatet) â€œgratitudeâ€, and áŠ¢á‹¨áˆ©áˆ³áˆŒáˆ (Ê¾iyarusÄlem) â€œJerusalemâ€."
86,áŠ¡,Ê¾u,Ê¾alf,,,,,"Syllables,Variants of Ê¾alf",85,87,
87,áŠ¢,Ê¾i,Ê¾alf,,,,,"Syllables,Variants of Ê¾alf",86,88,
88,áŠ£,Ê¾a,Ê¾alf,,,,,"Syllables,Variants of Ê¾alf",87,89,
89,áŠ¤,Ê¾e,Ê¾alf,,,,,"Syllables,Variants of Ê¾alf",88,90,
90,áŠ¥,Ê¾É™,Ê¾alf,,,,,"Syllables,Variants of Ê¾alf",89,91,
91,áŠ¦,Ê¾o,Ê¾alf,,,,,"Syllables,Variants of Ê¾alf",90,92,
92,áŠ¨,ka,kÄf,,,ğ©²,92.gif,"Consonants,Syllables,2-legged,Variants of kÄf",91,93,"The Ge'ez letter áŠ¨ is called áŠ«á (kÄf). It represents a â€œvoiceless velar plosiveâ€, which is like <k> in the English words kite, keep, and kettle. Â¶ Its shape áŠ¨ is derived from the epigraphic character: ğ©«. It correlates to the Arabic letter Ùƒâ€â€, the Syriac letter ÜŸ, and the Hebrew letter ×›â€â€. Â¶ Geâ€™ez words starting with áŠ¨ include áŠ®áŠ¨á‰¥ (kokab) â€œstarâ€, áŠ­á‰¥áˆ­ (kÉ™br) â€œgloryâ€, and  áŠªá‹³áŠ• (kidan) â€œtestamentâ€."
93,áŠ©,ku,kÄf,,,,,"Syllables,Variants of kÄf",92,94,
94,áŠª,ki,kÄf,,,,,"Syllables,Variants of kÄf",93,95,
95,áŠ«,kÄ,kÄf,,,,,"Syllables,Variants of kÄf",94,96,
96,áŠ¬,ke,kÄf,,,,,"Syllables,Variants of kÄf",95,97,
97,áŠ­,kÉ™,kÄf,,,,,"Syllables,Variants of kÄf",96,98,
98,áŠ®,ko,kÄf,,,,,"Syllables,Variants of kÄf",97,99,
99,á‹ˆ,wa,wawe,,,ğ©¹,99.gif,"Consonants,Syllables,Sitting,Variants of wawe",98,100,
100,á‹‰,wu,wawe,,,,,"Syllables,Variants of wawe",99,101,
101,á‹Š,wi,wawe,,,,,"Syllables,Variants of wawe",100,102,
102,á‹‹,wÄ,wawe,,,,,"Syllables,Variants of wawe",101,103,
103,á‹Œ,we,wawe,,,,,"Syllables,Variants of wawe",102,104,
104,á‹,wÉ™,wawe,,,,,"Syllables,Variants of wawe",103,105,
105,á‹,wo,wawe,,,,,"Syllables,Variants of wawe",104,106,
106,á‹,Ê¿a,Ê¿ayn,,,ğ©º,106.gif,"Consonants,Syllables,Sitting,Variants of Ê¿ayn",105,107,
107,á‹‘,Ê¿u,Ê¿ayn,,,,,"Syllables,Variants of Ê¿ayn",106,108,
108,á‹’,Ê¿i,Ê¿ayn,,,,,"Syllables,Variants of Ê¿ayn",107,109,
109,á‹“,Ê¿a,Ê¿ayn,,,,,"Syllables,Variants of Ê¿ayn",108,110,
110,á‹”,Ê¿e,Ê¿ayn,,,,,"Syllables,Variants of Ê¿ayn",109,111,
111,á‹•,Ê¿É™,Ê¿ayn,,,,,"Syllables,Variants of Ê¿ayn",110,112,
112,á‹–,Ê¿o,Ê¿ayn,,,,,"Syllables,Variants of Ê¿ayn",111,113,
113,á‹˜,za,zay,,,ğ©µ,113.gif,"Consonants,Syllables,2-legged,Variants of zay",112,114,
114,á‹™,zu,zay,,,,,"Syllables,Variants of zay",113,115,
115,á‹š,zi,zay,,,,,"Syllables,Variants of zay",114,116,
116,á‹›,zÄ,zay,,,,,"Syllables,Variants of zay",115,117,
117,á‹œ,ze,zay,,,,,"Syllables,Variants of zay",116,118,
118,á‹,zÉ™,zay,,,,,"Syllables,Variants of zay",117,119,
119,á‹,zo,zay,,,,,"Syllables,Variants of zay",118,120,
120,á‹¨,ya,yaman,,,ğ©´,120.gif,"Consonants,Syllables,1-legged,Variants of yaman",119,121,
121,á‹©,yu,yaman,,,,,"Syllables,Variants of yaman",120,122,
122,á‹ª,yi,yaman,,,,,"Syllables,Variants of yaman",121,123,
123,á‹«,yÄ,yaman,,,,,"Syllables,Variants of yaman",122,124,
124,á‹¬,ye,yaman,,,,,"Syllables,Variants of yaman",123,125,
125,á‹­,yÉ™,yaman,,,,,"Syllables,Variants of yaman",124,126,
126,á‹®,yo,yaman,,,,,"Syllables,Variants of yaman",125,127,
127,á‹°,da,dÉ™nt,,,ğ©·,127.gif,"Consonants,Syllables,2-legged,Variants of dÉ™nt",126,128,
128,á‹±,du,dÉ™nt,,,,,"Syllables,Variants of dÉ™nt",127,129,
129,á‹²,di,dÉ™nt,,,,,"Syllables,Variants of dÉ™nt",128,130,
130,á‹³,dÄ,dÉ™nt,,,,,"Syllables,Variants of dÉ™nt",129,131,
131,á‹´,de,dÉ™nt,,,,,"Syllables,Variants of dÉ™nt",130,132,
132,á‹µ,dÉ™,dÉ™nt,,,,,"Syllables,Variants of dÉ™nt",131,133,
133,á‹¶,do,dÉ™nt,,,,,"Syllables,Variants of dÉ™nt",132,134,
134,áŒˆ,ga,gaml,,,ğ©®,134.gif,"Consonants,Syllables,1-legged,Variants of gaml",133,135,
135,áŒ‰,gu,gaml,,,,,"Syllables,Variants of gaml",134,136,
136,áŒŠ,gi,gaml,,,,,"Syllables,Variants of gaml",135,137,
137,áŒ‹,gÄ,gaml,,,,,"Syllables,Variants of gaml",136,138,
138,áŒŒ,ge,gaml,,,,,"Syllables,Variants of gaml",137,139,
139,áŒ,gÉ™,gaml,,,,,"Syllables,Variants of gaml",138,140,
140,áŒ,go,gaml,,,,,"Syllables,Variants of gaml",139,141,
141,áŒ ,á¹­a,á¹­ayt,,,ğ©³,141.gif,"Consonants,Syllables,3-legged,Variants of á¹­ayt",140,142,
142,áŒ¡,á¹­u,á¹­ayt,,,,,"Syllables,Variants of á¹­ayt",141,143,
143,áŒ¢,á¹­i,á¹­ayt,,,,,"Syllables,Variants of á¹­ayt",142,144,
144,áŒ£,á¹­Ä,á¹­ayt,,,,,"Syllables,Variants of á¹­ayt",143,145,
145,áŒ¤,á¹­e,á¹­ayt,,,,,"Syllables,Variants of á¹­ayt",144,146,
146,áŒ¥,á¹­É™,á¹­ayt,,,,,"Syllables,Variants of á¹­ayt",145,147,
147,áŒ¦,á¹­o,á¹­ayt,,,,,"Syllables,Variants of á¹­ayt",146,148,
148,áŒ°,pÌ£a,pÌ£ayt,,,ğ©³,148.gif,"Consonants,Syllables,2-legged,Variants of pÌ£ayt",147,149,
149,áŒ±,pÌ£u,pÌ£ayt,,,,,"Syllables,Variants of pÌ£ayt",148,150,
150,áŒ²,pÌ£i,pÌ£ayt,,,,,"Syllables,Variants of pÌ£ayt",149,151,
151,áŒ³,pÌ£Ä,pÌ£ayt,,,,,"Syllables,Variants of pÌ£ayt",150,152,
152,áŒ´,pÌ£e,pÌ£ayt,,,,,"Syllables,Variants of pÌ£ayt",151,153,
153,áŒµ,pÌ£É™,pÌ£ayt,,,,,"Syllables,Variants of pÌ£ayt",152,154,
154,áŒ¶,pÌ£o,pÌ£ayt,,,,,"Syllables,Variants of pÌ£ayt",153,155,
155,áŒ¸,á¹£a,á¹£aday,,,ğ©°,155.gif,"Consonants,Syllables,2-legged,Variants of á¹£aday",154,156,
156,áŒ¹,á¹£u,á¹£aday,,,,,"Syllables,Variants of á¹£aday",155,157,
157,áŒº,á¹£i,á¹£aday,,,,,"Syllables,Variants of á¹£aday",156,158,
158,áŒ»,á¹£Ä,á¹£aday,,,,,"Syllables,Variants of á¹£aday",157,159,
159,áŒ¼,á¹£e,á¹£aday,,,,,"Syllables,Variants of á¹£aday",158,160,
160,áŒ½,á¹£É™,á¹£aday,,,,,"Syllables,Variants of á¹£aday",159,161,
161,áŒ¾,á¹£o,á¹£aday,,,,,"Syllables,Variants of á¹£aday",160,162,
162,á€,á¸a,á¸appa,,,,162.gif,"Consonants,Syllables,Sitting,Variants of á¸appa",161,163,
163,á,á¸u,á¸appa,,,,,"Syllables,Variants of á¸appa",162,164,
164,á‚,á¸i,á¸appa,,,,,"Syllables,Variants of á¸appa",163,165,
165,áƒ,á¸Ä,á¸appa,,,,,"Syllables,Variants of á¸appa",164,166,
166,á„,á¸e,á¸appa,,,,,"Syllables,Variants of á¸appa",165,167,
167,á…,á¸É™,á¸appa,,,,,"Syllables,Variants of á¸appa",166,168,
168,á†,á¸o,á¸appa,,,,,"Syllables,Variants of á¸appa",167,169,
169,áˆ,fa,Ê¾af,,,,169.gif,"Consonants,Syllables,Sitting,Variants of Ê¾af",168,170,
170,á‰,fu,Ê¾af,,,,,"Syllables,Variants of Ê¾af",169,171,
171,áŠ,fi,Ê¾af,,,,,"Syllables,Variants of Ê¾af",170,172,
172,á‹,fÄ,Ê¾af,,,,,"Syllables,Variants of Ê¾af",171,173,
173,áŒ,fe,Ê¾af,,,,,"Syllables,Variants of Ê¾af",172,174,
174,á,fÉ™,Ê¾af,,,,,"Syllables,Variants of Ê¾af",173,175,
175,á,fo,Ê¾af,,,,,"Syllables,Variants of Ê¾af",174,176,
176,á,pa,pÉ™s,,,,176.gif,"Consonants,Syllables,1-legged,Variants of pÉ™s",175,177,
177,á‘,pu,pÉ™s,,,,,"Syllables,Variants of pÉ™s",176,178,
178,á’,pi,pÉ™s,,,,,"Syllables,Variants of pÉ™s",177,179,
179,á“,pÄ,pÉ™s,,,,,"Syllables,Variants of pÉ™s",178,180,
180,á”,pe,pÉ™s,,,,,"Syllables,Variants of pÉ™s",179,181,
181,á•,pÉ™,pÉ™s,,,,,"Syllables,Variants of pÉ™s",180,182,
182,á–,po,pÉ™s,,,,,"Syllables,Variants of pÉ™s",181,183,
183,á¡,word break,,,,,,Punctuation,182,184,
184,á¢,sent. break,,,,,,Punctuation,183,185,
185,á¨,para. break,,,,,,Punctuation,184,186,
186,á©,1,,,,,,Numerals,185,187,
187,áª,2,,,,,,Numerals,186,188,
188,á«,3,,,,,,Numerals,187,189,
189,á¬,4,,,,,,Numerals,188,190,
190,á­,5,,,,,,Numerals,189,191,
191,á®,6,,,,,,Numerals,190,192,
192,á¯,7,,,,,,Numerals,191,193,
193,á°,8,,,,,,Numerals,192,194,
194,á±,9,,,,,,Numerals,193,195,
195,á²,10,,,,,,Numerals,194,196,
196,á³,20,,,,,,Numerals,195,197,
197,á´,30,,,,,,Numerals,196,198,
198,áµ,40,,,,,,Numerals,197,199,
199,á¶,50,,,,,,Numerals,198,200,
200,á·,60,,,,,,Numerals,199,201,
201,á¸,70,,,,,,Numerals,200,202,
202,á¹,80,,,,,,Numerals,201,203,
203,áº,90,,,,,,Numerals,202,204,
204,á»,100,,,,,,Numerals,203,205,
205,á¼,10000,,,,,,Numerals,204,,
